{"cameraMode":{"drawMode":0,"name":"Shaded","section":"Shading Mode"},"sceneLighting":false,"audioPlay":false,"sceneViewState":{"m_AlwaysRefresh":false,"showFog":true,"showSkybox":false,"showFlares":true,"showImageEffects":true,"showParticleSystems":true,"showVisualEffectGraphs":true,"m_FxEnabled":true},"in2DMode":false,"pivot":{"x":-0.9281997680664063,"y":0.05633825063705444,"z":-6.199246406555176},"rotation":{"x":-0.15531928837299348,"y":-0.47916507720947268,"z":0.08669114857912064,"w":-0.8596330881118774},"size":1.0862226486206055,"orthographic":false}