{"cameraMode":{"drawMode":0,"name":"Shaded","section":"Shading Mode"},"sceneLighting":false,"audioPlay":false,"sceneViewState":{"m_AlwaysRefresh":false,"showFog":true,"showSkybox":false,"showFlares":true,"showImageEffects":true,"showParticleSystems":true,"showVisualEffectGraphs":true,"m_FxEnabled":true},"in2DMode":false,"pivot":{"x":-0.5778450965881348,"y":-1.172334909439087,"z":26.65605926513672},"rotation":{"x":-0.1274648904800415,"y":0.011874116957187653,"z":-0.0015206097159534693,"w":-0.9918872714042664},"size":4.861386299133301,"orthographic":false}